{"information": {"../custom_dataset/images/train/000000000009.jpg": {"shape": [640, 480], "labels": [[45.0, 0.4794920086860657, 0.6887710094451904, 0.9556090235710144, 0.5954999923706055], [45.0, 0.736515998840332, 0.247188001871109, 0.4988749921321869, 0.47641700506210327], [50.0, 0.6370630264282227, 0.7329379916191101, 0.49412500858306885, 0.5105829834938049], [45.0, 0.33943799138069153, 0.41889598965644836, 0.6788750290870667, 0.781499981880188], [49.0, 0.64683598279953, 0.13255199790000916, 0.11804699897766113, 0.09693700075149536], [49.0, 0.7731480002403259, 0.12980200350284576, 0.09073399752378464, 0.0972289964556694], [49.0, 0.6682969927787781, 0.22690600156784058, 0.13128100335597992, 0.14689600467681885], [49.0, 0.6428589820861816, 0.07921899855136871, 0.14806300401687622, 0.14806200563907623]]}, "../custom_dataset/images/train/000000000025.jpg": {"shape": [640, 426], "labels": [[23.0, 0.7703359723091125, 0.4896950125694275, 0.3358910083770752, 0.6975589990615845], [23.0, 0.1859769970178604, 0.9016079902648926, 0.20629699528217316, 0.12955400347709656]]}, "../custom_dataset/images/train/000000000030.jpg": {"shape": [640, 428], "labels": [[58.0, 0.5192189812660217, 0.4511210024356842, 0.398250013589859, 0.7572900056838989], [75.0, 0.5011879801750183, 0.5921379923820496, 0.25999999046325684, 0.4561919867992401]]}}, "image_hash": "8a0751795fd990ef9b6286790eff3e07", "label_hash": "fbe6e8cc9157a30e5de122f9b293fa9e"}